{
    "name": "root",
    "gauges": {
        "SoccerTwos.Policy.Entropy.mean": {
            "value": 0.28587132692337036,
            "min": 0.26768356561660767,
            "max": 0.40133675932884216,
            "count": 76
        },
        "SoccerTwos.Policy.Entropy.sum": {
            "value": 5659.10888671875,
            "min": 5393.28857421875,
            "max": 7952.1337890625,
            "count": 76
        },
        "SoccerTwos.Environment.EpisodeLength.mean": {
            "value": 28.813253012048193,
            "min": 22.544600938967136,
            "max": 32.25165562913907,
            "count": 76
        },
        "SoccerTwos.Environment.EpisodeLength.sum": {
            "value": 19132.0,
            "min": 14840.0,
            "max": 19888.0,
            "count": 76
        },
        "SoccerTwos.Self-play.ELO.mean": {
            "value": 2532.416312544458,
            "min": 2062.3185683003453,
            "max": 2533.02129309327,
            "count": 76
        },
        "SoccerTwos.Self-play.ELO.sum": {
            "value": 840762.21576476,
            "min": 499081.0935286836,
            "max": 1010335.3790547836,
            "count": 76
        },
        "SoccerTwos.Step.mean": {
            "value": 2039998.0,
            "min": 1289990.0,
            "max": 2039998.0,
            "count": 76
        },
        "SoccerTwos.Step.sum": {
            "value": 2039998.0,
            "min": 1289990.0,
            "max": 2039998.0,
            "count": 76
        },
        "SoccerTwos.Policy.ExtrinsicBaselineEstimate.mean": {
            "value": 1.47104012966156,
            "min": 1.4075877666473389,
            "max": 1.704003095626831,
            "count": 76
        },
        "SoccerTwos.Policy.ExtrinsicBaselineEstimate.sum": {
            "value": 488.38531494140625,
            "min": 337.8210754394531,
            "max": 676.26611328125,
            "count": 76
        },
        "SoccerTwos.Policy.ExtrinsicValueEstimate.mean": {
            "value": 1.4690572023391724,
            "min": 1.3998210430145264,
            "max": 1.7089115381240845,
            "count": 76
        },
        "SoccerTwos.Policy.ExtrinsicValueEstimate.sum": {
            "value": 487.72698974609375,
            "min": 335.9570617675781,
            "max": 685.915283203125,
            "count": 76
        },
        "SoccerTwos.Environment.CumulativeReward.mean": {
            "value": 1.0,
            "min": 1.0,
            "max": 1.0,
            "count": 76
        },
        "SoccerTwos.Environment.CumulativeReward.sum": {
            "value": 332.0,
            "min": 240.0,
            "max": 426.0,
            "count": 76
        },
        "SoccerTwos.Policy.ExtrinsicReward.mean": {
            "value": 1.9386132524674198,
            "min": 1.8202612758371872,
            "max": 2.1722593661277525,
            "count": 76
        },
        "SoccerTwos.Policy.ExtrinsicReward.sum": {
            "value": 643.6195998191833,
            "min": 480.7368006706238,
            "max": 880.0755994319916,
            "count": 76
        },
        "SoccerTwos.Environment.GroupCumulativeReward.mean": {
            "value": -0.0613867464553879,
            "min": -0.17973872967538118,
            "max": 0.17225935382227744,
            "count": 76
        },
        "SoccerTwos.Environment.GroupCumulativeReward.sum": {
            "value": -20.38039982318878,
            "min": -62.189600467681885,
            "max": 64.07559925317764,
            "count": 76
        },
        "SoccerTwos.Losses.PolicyLoss.mean": {
            "value": 0.030658577939296567,
            "min": 0.025200994477927452,
            "max": 0.04217922752044008,
            "count": 76
        },
        "SoccerTwos.Losses.PolicyLoss.sum": {
            "value": 0.061317155878593134,
            "min": 0.032001986886219434,
            "max": 0.11928444294608198,
            "count": 76
        },
        "SoccerTwos.Losses.ValueLoss.mean": {
            "value": 0.26841846356789273,
            "min": 0.2240705337996284,
            "max": 0.3075427735845248,
            "count": 76
        },
        "SoccerTwos.Losses.ValueLoss.sum": {
            "value": 0.5368369271357855,
            "min": 0.26420117417971295,
            "max": 0.899747811878721,
            "count": 76
        },
        "SoccerTwos.Losses.BaselineLoss.mean": {
            "value": 0.2749554645270109,
            "min": 0.23510624406238395,
            "max": 0.3142682332545519,
            "count": 76
        },
        "SoccerTwos.Losses.BaselineLoss.sum": {
            "value": 0.5499109290540218,
            "min": 0.2695477443436782,
            "max": 0.9066235137482483,
            "count": 76
        },
        "SoccerTwos.Policy.LearningRate.mean": {
            "value": 0.0007968671455358874,
            "min": 0.0007968671455358874,
            "max": 0.0007968671455358874,
            "count": 76
        },
        "SoccerTwos.Policy.LearningRate.sum": {
            "value": 0.0015937342910717748,
            "min": 0.0007968671455358874,
            "max": 0.0023906014366076624,
            "count": 76
        },
        "SoccerTwos.Policy.Epsilon.mean": {
            "value": 0.20000000000000004,
            "min": 0.20000000000000004,
            "max": 0.20000000000000004,
            "count": 76
        },
        "SoccerTwos.Policy.Epsilon.sum": {
            "value": 0.4000000000000001,
            "min": 0.20000000000000004,
            "max": 0.6000000000000001,
            "count": 76
        },
        "SoccerTwos.Policy.Beta.mean": {
            "value": 0.0020460882794934116,
            "min": 0.0020460882794934116,
            "max": 0.0020460882794934116,
            "count": 76
        },
        "SoccerTwos.Policy.Beta.sum": {
            "value": 0.004092176558986823,
            "min": 0.0020460882794934116,
            "max": 0.006138264838480235,
            "count": 76
        },
        "SoccerTwos.IsTraining.mean": {
            "value": 1.0,
            "min": 1.0,
            "max": 1.0,
            "count": 76
        },
        "SoccerTwos.IsTraining.sum": {
            "value": 1.0,
            "min": 1.0,
            "max": 1.0,
            "count": 76
        }
    },
    "metadata": {
        "timer_format_version": "0.1.0",
        "start_time_seconds": "1737383096",
        "python_version": "3.10.12 | packaged by Anaconda, Inc. | (main, Jul  5 2023, 19:01:18) [MSC v.1916 64 bit (AMD64)]",
        "command_line_arguments": "C:\\Users\\geveg\\anaconda3\\envs\\mlagents\\Scripts\\mlagents-learn C:\\Users\\geveg\\OneDrive\\Desktop\\MLAI-11\\config\\poca\\SoccerTwos.yaml --run-id NoSoundTest2 --resume",
        "mlagents_version": "1.1.0",
        "mlagents_envs_version": "1.1.0",
        "communication_protocol_version": "1.5.0",
        "pytorch_version": "2.5.1+cpu",
        "numpy_version": "1.23.5",
        "end_time_seconds": "1737389465"
    },
    "total": 6369.0071606,
    "count": 1,
    "self": 0.011183800001163036,
    "children": {
        "run_training.setup": {
            "total": 0.13117120000060822,
            "count": 1,
            "self": 0.13117120000060822
        },
        "TrainerController.start_learning": {
            "total": 6368.864805599998,
            "count": 1,
            "self": 9.346731200374052,
            "children": {
                "TrainerController._reset_env": {
                    "total": 21.13701940000101,
                    "count": 5,
                    "self": 21.13701940000101
                },
                "TrainerController.advance": {
                    "total": 6338.276968599621,
                    "count": 393468,
                    "self": 8.031886900564132,
                    "children": {
                        "env_step": {
                            "total": 5267.4307358999395,
                            "count": 393468,