{
    "name": "root",
    "gauges": {
        "SoccerTwos.Policy.Entropy.mean": {
            "value": 3.295748710632324,
            "min": 3.295748710632324,
            "max": 3.295748710632324,
            "count": 1
        },
        "SoccerTwos.Policy.Entropy.sum": {
            "value": 32957.48828125,
            "min": 32957.48828125,
            "max": 32957.48828125,
            "count": 1
        },
        "SoccerTwos.Environment.EpisodeLength.mean": {
            "value": 999.0,
            "min": 999.0,
            "max": 999.0,
            "count": 1
        },
        "SoccerTwos.Environment.EpisodeLength.sum": {
            "value": 9990.0,
            "min": 9990.0,
            "max": 9990.0,
            "count": 1
        },
        "SoccerTwos.Step.mean": {
            "value": 9000.0,
            "min": 9000.0,
            "max": 9000.0,
            "count": 1
        },
        "SoccerTwos.Step.sum": {
            "value": 9000.0,
            "min": 9000.0,
            "max": 9000.0,
            "count": 1
        },
        "SoccerTwos.Policy.ExtrinsicBaselineEstimate.mean": {
            "value": 0.05027959495782852,
            "min": 0.05027959495782852,
            "max": 0.05027959495782852,
            "count": 1
        },
        "SoccerTwos.Policy.ExtrinsicBaselineEstimate.sum": {
            "value": 0.4525163471698761,
            "min": 0.4525163471698761,
            "max": 0.4525163471698761,
            "count": 1
        },
        "SoccerTwos.Policy.ExtrinsicValueEstimate.mean": {
            "value": 0.05027959495782852,
            "min": 0.05027959495782852,
            "max": 0.05027959495782852,
            "count": 1
        },
        "SoccerTwos.Policy.ExtrinsicValueEstimate.sum": {
            "value": 0.4525163471698761,
            "min": 0.4525163471698761,
            "max": 0.4525163471698761,
            "count": 1
        },
        "SoccerTwos.Environment.CumulativeReward.mean": {
            "value": 0.0,
            "min": 0.0,
            "max": 0.0,
            "count": 1
        },
        "SoccerTwos.Environment.CumulativeReward.sum": {
            "value": 0.0,
            "min": 0.0,
            "max": 0.0,
            "count": 1
        },
        "SoccerTwos.Policy.ExtrinsicReward.mean": {
            "value": 0.0,
            "min": 0.0,
            "max": 0.0,
            "count": 1
        },
        "SoccerTwos.Policy.ExtrinsicReward.sum": {
            "value": 0.0,
            "min": 0.0,
            "max": 0.0,
            "count": 1
        },
        "SoccerTwos.Environment.GroupCumulativeReward.mean": {
            "value": 0.0,
            "min": 0.0,
            "max": 0.0,
            "count": 1
        },
        "SoccerTwos.Environment.GroupCumulativeReward.sum": {
            "value": 0.0,
            "min": 0.0,
            "max": 0.0,
            "count": 1
        },
        "SoccerTwos.IsTraining.mean": {
            "value": 1.0,
            "min": 1.0,
            "max": 1.0,
            "count": 1
        },
        "SoccerTwos.IsTraining.sum": {
            "value": 1.0,
            "min": 1.0,
            "max": 1.0,
            "count": 1
        }
    },
    "metadata": {
        "timer_format_version": "0.1.0",
        "start_time_seconds": "1736353373",
        "python_version": "3.10.12 (main, Jul  5 2023, 18:54:27) [GCC 11.2.0]",
        "command_line_arguments": "/home/kakto/.conda/envs/mlagents/bin/mlagents-learn config/poca/SoccerTwos.yaml --run-id=hearing_only --force --debug",
        "mlagents_version": "1.1.0",
        "mlagents_envs_version": "1.1.0",
        "communication_protocol_version": "1.5.0",
        "pytorch_version": "2.5.1+cu124",
        "numpy_version": "1.23.5",
        "end_time_seconds": "1736353477"
    },
    "total": 103.3227257769995,
    "count": 1,
    "self": 0.003391095999177196,
    "children": {
        "run_training.setup": {
            "total": 0.014099902000452857,
            "count": 1,
            "self": 0.014099902000452857
        },
        "TrainerController.start_learning": {
            "total": 103.30523477899987,
            "count": 1,
            "self": 0.13306455602742062,
            "children": {
                "TrainerController._reset_env": {
                    "total": 6.3845090269996945,
                    "count": 1,
                    "self": 6.3845090269996945
                },
                "TrainerController.advance": {
                    "total": 96.54883167897333,
                    "count": 14421,
                    "self": 0.1359323129972836,
                    "children": {
                        "env_step": {
                            "total": 95.24814011099352,
                            "count": 14421,
                            "self": 83.77167544598706,
                            "children": {
                                "SubprocessEnvManager._take_step": {
                                    "total": 11.394680148996486,
                                    "count": 14421,
                                    "self": 0.3863780119263538,
                                    "children": {
                                        "TorchPolicy.evaluate": {
                                            "total": 11.008302137070132,
                                            "count": 14421,
                                            "self": 11.008302137070132
                                        }
                                    }
                                },
                                "workers": {
                                    "total": 0.08178451600997505,
                                    "count": 14420,
                                    "self": 0.0,
                                    "children": {
                                        "worker_root": {
                                            "total": 61.107454518954,
                                            "count": 14420,
                                            "is_parallel": true,
                                            "self": 24.68312203204914,
                                            "children": {
                                                "run_training.setup": {
                                                    "total": 0.0,
                                                    "count": 0,
                                                    "is_parallel": true,
                                                    "self": 0.0,
                                                    "children": {
                                                        "steps_from_proto": {
                                                            "total": 0.0006751780001650332,
                                                            "count": 1,
                                                            "is_parallel": true,
                                                            "self": 0.0003059290011151461,
                                                            "children": {
                                                                "_process_rank_one_or_two_observation": {
                                                                    "total": 0.00036924899904988706,
                                                                    "count": 4,
                                                                    "is_parallel": true,
                                                                    "self": 0.00036924899904988706
                                                                }
                                                            }
                                                        },
                                                        "UnityEnvironment.step": {
                                                            "total": 0.017412238999895635,