{
    "name": "root",
    "gauges": {
        "SoccerTwos.Policy.Entropy.mean": {
            "value": 2.3092379570007324,
            "min": 2.2045340538024902,
            "max": 3.295725107192993,
            "count": 115
        },
        "SoccerTwos.Policy.Entropy.sum": {
            "value": 22224.10546875,
            "min": 21705.57421875,
            "max": 35870.58984375,
            "count": 115
        },
        "SoccerTwos.Environment.EpisodeLength.mean": {
            "value": 13623.0,
            "min": 1122.0,
            "max": 75915.0,
            "count": 49
        },
        "SoccerTwos.Environment.EpisodeLength.sum": {
            "value": 13623.0,
            "min": 1122.0,
            "max": 87987.0,
            "count": 49
        },
        "SoccerTwos.Step.mean": {
            "value": 1149946.0,
            "min": 9884.0,
            "max": 1149946.0,
            "count": 115
        },
        "SoccerTwos.Step.sum": {
            "value": 1149946.0,
            "min": 9884.0,
            "max": 1149946.0,
            "count": 115
        },
        "SoccerTwos.Policy.ExtrinsicBaselineEstimate.mean": {
            "value": 1.1398437023162842,
            "min": -1.6735832691192627,
            "max": 1.4661381244659424,
            "count": 115
        },
        "SoccerTwos.Policy.ExtrinsicBaselineEstimate.sum": {
            "value": 11.3984375,
            "min": -20.047386169433594,
            "max": 14.661380767822266,
            "count": 115
        },
        "SoccerTwos.Policy.ExtrinsicValueEstimate.mean": {
            "value": 1.1398437023162842,
            "min": -1.6735832691192627,
            "max": 1.4661381244659424,
            "count": 115
        },
        "SoccerTwos.Policy.ExtrinsicValueEstimate.sum": {
            "value": 11.3984375,
            "min": -20.047386169433594,
            "max": 14.661380767822266,
            "count": 115
        },
        "SoccerTwos.Environment.CumulativeReward.mean": {
            "value": 791.5000221729279,
            "min": -165.5000021457672,
            "max": 932.3000161647797,
            "count": 47
        },
        "SoccerTwos.Environment.CumulativeReward.sum": {
            "value": 791.5000221729279,
            "min": -301.500004529953,
            "max": 932.3000161647797,
            "count": 47
        },
        "SoccerTwos.Policy.ExtrinsicReward.mean": {
            "value": 791.5000221729279,
            "min": -165.5000021457672,
            "max": 932.3000161647797,
            "count": 47
        },
        "SoccerTwos.Policy.ExtrinsicReward.sum": {
            "value": 791.5000221729279,
            "min": -301.500004529953,
            "max": 932.3000161647797,
            "count": 47
        },
        "SoccerTwos.Environment.GroupCumulativeReward.mean": {
            "value": 0.0,
            "min": 0.0,
            "max": 0.0,
            "count": 47
        },
        "SoccerTwos.Environment.GroupCumulativeReward.sum": {
            "value": 0.0,
            "min": 0.0,
            "max": 0.0,
            "count": 47
        },
        "SoccerTwos.IsTraining.mean": {
            "value": 1.0,
            "min": 1.0,
            "max": 1.0,
            "count": 115
        },
        "SoccerTwos.IsTraining.sum": {
            "value": 1.0,
            "min": 1.0,
            "max": 1.0,
            "count": 115
        },
        "SoccerTwos.Losses.PolicyLoss.mean": {
            "value": 0.016088998317718504,
            "min": 0.01152122650722352,
            "max": 0.023495316815872986,
            "count": 54
        },
        "SoccerTwos.Losses.PolicyLoss.sum": {
            "value": 0.016088998317718504,
            "min": 0.01152122650722352,
            "max": 0.023495316815872986,
            "count": 54
        },
        "SoccerTwos.Losses.ValueLoss.mean": {
            "value": 2.3599939425786336,
            "min": 0.15871228501200677,
            "max": 3.3233323891957602,
            "count": 54
        },
        "SoccerTwos.Losses.ValueLoss.sum": {
            "value": 2.3599939425786336,
            "min": 0.15871228501200677,
            "max": 3.3233323891957602,
            "count": 54
        },
        "SoccerTwos.Losses.BaselineLoss.mean": {
            "value": 2.396304210027059,
            "min": 0.2044960618019104,
            "max": 3.422330872217814,
            "count": 54
        },
        "SoccerTwos.Losses.BaselineLoss.sum": {
            "value": 2.396304210027059,
            "min": 0.2044960618019104,
            "max": 3.422330872217814,
            "count": 54
        },
        "SoccerTwos.Policy.LearningRate.mean": {
            "value": 0.0003,
            "min": 0.0003,
            "max": 0.0003,
            "count": 54
        },
        "SoccerTwos.Policy.LearningRate.sum": {
            "value": 0.0003,
            "min": 0.0003,
            "max": 0.0003,
            "count": 54
        },
        "SoccerTwos.Policy.Epsilon.mean": {
            "value": 0.20000000000000007,
            "min": 0.20000000000000007,
            "max": 0.20000000000000007,
            "count": 54
        },
        "SoccerTwos.Policy.Epsilon.sum": {
            "value": 0.20000000000000007,
            "min": 0.20000000000000007,
            "max": 0.20000000000000007,
            "count": 54
        },
        "SoccerTwos.Policy.Beta.mean": {
            "value": 0.005000000000000001,
            "min": 0.005000000000000001,
            "max": 0.005000000000000001,
            "count": 54
        },
        "SoccerTwos.Policy.Beta.sum": {
            "value": 0.005000000000000001,
            "min": 0.005000000000000001,
            "max": 0.005000000000000001,
            "count": 54
        }
    },
    "metadata": {
        "timer_format_version": "0.1.0",
        "start_time_seconds": "1733079363",
        "python_version": "3.10.12 (main, Jul  5 2023, 18:54:27) [GCC 11.2.0]",
        "command_line_arguments": "/home/kakto/.conda/envs/mlagents/bin/mlagents-learn config/poca/SoccerTwos.yaml --run-id=audio_testing_6",
        "mlagents_version": "1.1.0",
        "mlagents_envs_version": "1.1.0",
        "communication_protocol_version": "1.5.0",
        "pytorch_version": "2.5.1+cu124",
        "numpy_version": "1.23.5",
        "end_time_seconds": "1733085892"
    },
    "total": 6529.293128331001,
    "count": 1,
    "self": 0.003913374001058401,
    "children": {
        "run_training.setup": {
            "total": 0.017628622001211625,
            "count": 1,
            "self": 0.017628622001211625
        },
        "TrainerController.start_learning": {
            "total": 6529.271586334999,
            "count": 1,
            "self": 11.97719389940903,
            "children": {
                "TrainerController._reset_env": {
                    "total": 9.952434343998902,
                    "count": 6,
                    "self": 9.952434343998902
                },
                "TrainerController.advance": {
                    "total": 6507.265414488593,
                    "count": 1158231,
                    "self": 11.654290698003024,
                    "children": {
                        "env_step": {
                            "total": 5812.42137649418,
                            "count": 1158231,
                            "self": 4805.515496233889,
                            "children": {
                                "SubprocessEnvManager._take_step": {
                                    "total": 999.5606838990752,
                                    "count": 1158231,
                                    "self": 32.233161980924706,
                                    "children": {
                                        "TorchPolicy.evaluate": {
                                            "total": 967.3275219181505,
                                            "count": 1158125,