{
    "name": "root",
    "gauges": {
        "SoccerTwos.Policy.Entropy.mean": {
            "value": 0.15468592941761017,
            "min": 0.14180421829223633,
            "max": 0.22161799669265747,
            "count": 228
        },
        "SoccerTwos.Policy.Entropy.sum": {
            "value": 3071.44384765625,
            "min": 2795.9130859375,
            "max": 4446.599609375,
            "count": 228
        },
        "SoccerTwos.Environment.EpisodeLength.mean": {
            "value": 30.025,
            "min": 22.57547169811321,
            "max": 38.817460317460316,
            "count": 228
        },
        "SoccerTwos.Environment.EpisodeLength.sum": {
            "value": 19216.0,
            "min": 16280.0,
            "max": 19948.0,
            "count": 228
        },
        "SoccerTwos.Self-play.ELO.mean": {
            "value": 4171.589908776275,
            "min": 2856.8736890852088,
            "max": 4171.589908776275,
            "count": 228
        },
        "SoccerTwos.Self-play.ELO.sum": {
            "value": 1334908.7708084078,
            "min": 737073.4117839838,
            "max": 1650633.8885072176,
            "count": 228
        },
        "SoccerTwos.Step.mean": {
            "value": 4999909.0,
            "min": 2729984.0,
            "max": 4999909.0,
            "count": 228
        },
        "SoccerTwos.Step.sum": {
            "value": 4999909.0,
            "min": 2729984.0,
            "max": 4999909.0,
            "count": 228
        },
        "SoccerTwos.Policy.ExtrinsicBaselineEstimate.mean": {
            "value": 1.6086492538452148,
            "min": 1.3714929819107056,
            "max": 1.6961840391159058,
            "count": 228
        },
        "SoccerTwos.Policy.ExtrinsicBaselineEstimate.sum": {
            "value": 514.7677612304688,
            "min": 369.6397705078125,
            "max": 680.6229248046875,
            "count": 228
        },
        "SoccerTwos.Policy.ExtrinsicValueEstimate.mean": {
            "value": 1.6128689050674438,
            "min": 1.3577548265457153,
            "max": 1.6990324258804321,
            "count": 228
        },
        "SoccerTwos.Policy.ExtrinsicValueEstimate.sum": {
            "value": 516.1180419921875,
            "min": 373.33050537109375,
            "max": 684.9290771484375,
            "count": 228
        },
        "SoccerTwos.Environment.CumulativeReward.mean": {
            "value": 1.0,
            "min": 0.993127147766323,
            "max": 1.0,
            "count": 228
        },
        "SoccerTwos.Environment.CumulativeReward.sum": {
            "value": 320.0,
            "min": 253.0,
            "max": 425.0,
            "count": 228
        },
        "SoccerTwos.Policy.ExtrinsicReward.mean": {
            "value": 2.027809377014637,
            "min": 1.785748066823127,
            "max": 2.185165265986794,
            "count": 228
        },
        "SoccerTwos.Policy.ExtrinsicReward.sum": {
            "value": 648.8990006446838,
            "min": 502.20800042152405,
            "max": 872.9472031593323,
            "count": 228
        },
        "SoccerTwos.Environment.GroupCumulativeReward.mean": {
            "value": 0.02780937496572733,
            "min": -0.21425193416479543,
            "max": 0.1851652625359987,
            "count": 228
        },
        "SoccerTwos.Environment.GroupCumulativeReward.sum": {
            "value": 8.898999989032745,
            "min": -77.55920016765594,
            "max": 70.3627997636795,
            "count": 228
        },
        "SoccerTwos.Losses.PolicyLoss.mean": {
            "value": 0.02817924151410504,
            "min": 0.023306284047672914,
            "max": 0.04209435990802983,
            "count": 228
        },
        "SoccerTwos.Losses.PolicyLoss.sum": {
            "value": 0.05635848302821008,
            "min": 0.04661256809534583,
            "max": 0.12292128056287766,
            "count": 228
        },
        "SoccerTwos.Losses.ValueLoss.mean": {
            "value": 0.25104056826482213,
            "min": 0.19612680499752363,
            "max": 0.2935237086688479,
            "count": 228
        },
        "SoccerTwos.Losses.ValueLoss.sum": {
            "value": 0.5020811365296443,
            "min": 0.39225360999504727,
            "max": 0.8494553764661152,
            "count": 228
        },
        "SoccerTwos.Losses.BaselineLoss.mean": {
            "value": 0.2579854866489768,
            "min": 0.20378290861845016,
            "max": 0.30845859460532665,
            "count": 228
        },
        "SoccerTwos.Losses.BaselineLoss.sum": {
            "value": 0.5159709732979536,
            "min": 0.40756581723690033,
            "max": 0.8700561386843522,
            "count": 228
        },
        "SoccerTwos.Policy.LearningRate.mean": {
            "value": 0.0007968671455358874,
            "min": 0.0007968671455358874,
            "max": 0.0007968671455358875,
            "count": 228
        },
        "SoccerTwos.Policy.LearningRate.sum": {
            "value": 0.0015937342910717748,
            "min": 0.0015937342910717748,
            "max": 0.0023906014366076624,
            "count": 228
        },
        "SoccerTwos.Policy.Epsilon.mean": {
            "value": 0.20000000000000004,
            "min": 0.20000000000000004,
            "max": 0.20000000000000007,
            "count": 228
        },
        "SoccerTwos.Policy.Epsilon.sum": {
            "value": 0.4000000000000001,
            "min": 0.4000000000000001,
            "max": 0.6000000000000001,
            "count": 228
        },
        "SoccerTwos.Policy.Beta.mean": {
            "value": 0.0020460882794934116,
            "min": 0.002046088279493411,
            "max": 0.0020460882794934116,
            "count": 228
        },
        "SoccerTwos.Policy.Beta.sum": {
            "value": 0.004092176558986823,
            "min": 0.004092176558986823,
            "max": 0.006138264838480235,
            "count": 228
        },
        "SoccerTwos.IsTraining.mean": {
            "value": 1.0,
            "min": 1.0,
            "max": 1.0,
            "count": 228
        },
        "SoccerTwos.IsTraining.sum": {
            "value": 1.0,
            "min": 1.0,
            "max": 1.0,
            "count": 228
        }
    },
    "metadata": {
        "timer_format_version": "0.1.0",
        "start_time_seconds": "1737248526",
        "python_version": "3.10.11 (tags/v3.10.11:7d4cc5a, Apr  5 2023, 00:38:17) [MSC v.1929 64 bit (AMD64)]",
        "command_line_arguments": "C:\\Users\\Calin\\AppData\\Local\\Programs\\Python\\Python310\\Scripts\\mlagents-learn E:\\MLAI-11\\config\\poca\\SoccerTwosBest.yaml --run-id=run_2_in_editor --resume",
        "mlagents_version": "1.1.0",
        "mlagents_envs_version": "1.1.0",
        "communication_protocol_version": "1.5.0",
        "pytorch_version": "2.5.1+cpu",
        "numpy_version": "1.23.5",
        "end_time_seconds": "1737259636"
    },
    "total": 11109.856610499999,
    "count": 1,
    "self": 0.011721899994881824,
    "children": {
        "run_training.setup": {
            "total": 0.06953939999948489,
            "count": 1,
            "self": 0.06953939999948489
        },
        "TrainerController.start_learning": {
            "total": 11109.775349200005,
            "count": 1,
            "self": 15.544856499298476,
            "children": {
                "TrainerController._reset_env": {
                    "total": 59.38020029998734,
                    "count": 13,
                    "self": 59.38020029998734
                },
                "TrainerController.advance": {
                    "total": 11034.765861300715,
                    "count": 1170167,
                    "self": 13.845775806257734,
                    "children": {
                        "env_step": {
                            "total": 7423.410920495327,
                            "count": 1170167,