{
    "name": "root",
    "gauges": {
        "SoccerTwos.Policy.Entropy.mean": {
            "value": 2.087690830230713,
            "min": 1.9780707359313965,
            "max": 2.2399439811706543,
            "count": 193
        },
        "SoccerTwos.Policy.Entropy.sum": {
            "value": 41586.80078125,
            "min": 8594.791015625,
            "max": 44873.61328125,
            "count": 193
        },
        "SoccerTwos.Environment.EpisodeLength.mean": {
            "value": 24.030150753768844,
            "min": 19.02788844621514,
            "max": 32.666666666666664,
            "count": 193
        },
        "SoccerTwos.Environment.EpisodeLength.sum": {
            "value": 19128.0,
            "min": 3812.0,
            "max": 20076.0,
            "count": 193
        },
        "SoccerTwos.Self-play.ELO.mean": {
            "value": 4808.299544443787,
            "min": 3725.6246575380405,
            "max": 4819.69752221159,
            "count": 193
        },
        "SoccerTwos.Self-play.ELO.sum": {
            "value": 1913703.2186886272,
            "min": 253342.47671258677,
            "max": 2403852.15252738,
            "count": 193
        },
        "SoccerTwos.Step.mean": {
            "value": 4999988.0,
            "min": 3079824.0,
            "max": 4999988.0,
            "count": 193
        },
        "SoccerTwos.Step.sum": {
            "value": 4999988.0,
            "min": 3079824.0,
            "max": 4999988.0,
            "count": 193
        },
        "SoccerTwos.Policy.ExtrinsicBaselineEstimate.mean": {
            "value": 1.6533311605453491,
            "min": 1.4792174100875854,
            "max": 1.7264416217803955,
            "count": 193
        },
        "SoccerTwos.Policy.ExtrinsicBaselineEstimate.sum": {
            "value": 658.0258178710938,
            "min": 106.50360107421875,
            "max": 800.3431396484375,
            "count": 193
        },
        "SoccerTwos.Policy.ExtrinsicValueEstimate.mean": {
            "value": 1.6587512493133545,
            "min": 1.4730336666107178,
            "max": 1.7314125299453735,
            "count": 193
        },
        "SoccerTwos.Policy.ExtrinsicValueEstimate.sum": {
            "value": 660.1829833984375,
            "min": 105.68415832519531,
            "max": 789.0599975585938,
            "count": 193
        },
        "SoccerTwos.Environment.CumulativeReward.mean": {
            "value": 1.0,
            "min": 1.0,
            "max": 1.0,
            "count": 193
        },
        "SoccerTwos.Environment.CumulativeReward.sum": {
            "value": 398.0,
            "min": 66.0,
            "max": 501.0,
            "count": 193
        },
        "SoccerTwos.Policy.ExtrinsicReward.mean": {
            "value": 1.9622854287899918,
            "min": 1.6579636299248897,
            "max": 2.169669981724911,
            "count": 193
        },
        "SoccerTwos.Policy.ExtrinsicReward.sum": {
            "value": 780.9896006584167,
            "min": 109.42559957504272,
            "max": 973.6492009162903,
            "count": 193
        },
        "SoccerTwos.Environment.GroupCumulativeReward.mean": {
            "value": -0.037714573007133136,
            "min": -0.34203636465650616,
            "max": 0.16966997347674856,
            "count": 193
        },
        "SoccerTwos.Environment.GroupCumulativeReward.sum": {
            "value": -15.01040005683899,
            "min": -81.37239980697632,
            "max": 68.25080037117004,
            "count": 193
        },
        "SoccerTwos.IsTraining.mean": {
            "value": 1.0,
            "min": 1.0,
            "max": 1.0,
            "count": 193
        },
        "SoccerTwos.IsTraining.sum": {
            "value": 1.0,
            "min": 1.0,
            "max": 1.0,
            "count": 193
        },
        "SoccerTwos.Losses.PolicyLoss.mean": {
            "value": 0.012231557311800619,
            "min": 0.012231557311800619,
            "max": 0.024632147047668695,
            "count": 93
        },
        "SoccerTwos.Losses.PolicyLoss.sum": {
            "value": 0.012231557311800619,
            "min": 0.012231557311800619,
            "max": 0.024632147047668695,
            "count": 93
        },
        "SoccerTwos.Losses.ValueLoss.mean": {
            "value": 0.24590483804543814,
            "min": 0.2251822551091512,
            "max": 0.2811874697605769,
            "count": 93
        },
        "SoccerTwos.Losses.ValueLoss.sum": {
            "value": 0.24590483804543814,
            "min": 0.2251822551091512,
            "max": 0.2811874697605769,
            "count": 93
        },
        "SoccerTwos.Losses.BaselineLoss.mean": {
            "value": 0.2509951502084732,
            "min": 0.23143515934546788,
            "max": 0.3021884560585022,
            "count": 93
        },
        "SoccerTwos.Losses.BaselineLoss.sum": {
            "value": 0.2509951502084732,
            "min": 0.23143515934546788,
            "max": 0.3021884560585022,
            "count": 93
        },
        "SoccerTwos.Policy.LearningRate.mean": {
            "value": 0.0003,
            "min": 0.0003,
            "max": 0.0003,
            "count": 93
        },
        "SoccerTwos.Policy.LearningRate.sum": {
            "value": 0.0003,
            "min": 0.0003,
            "max": 0.0003,
            "count": 93
        },
        "SoccerTwos.Policy.Epsilon.mean": {
            "value": 0.20000000000000007,
            "min": 0.20000000000000007,
            "max": 0.20000000000000007,
            "count": 93
        },
        "SoccerTwos.Policy.Epsilon.sum": {
            "value": 0.20000000000000007,
            "min": 0.20000000000000007,
            "max": 0.20000000000000007,
            "count": 93
        },
        "SoccerTwos.Policy.Beta.mean": {
            "value": 0.005000000000000001,
            "min": 0.005000000000000001,
            "max": 0.005000000000000001,
            "count": 93
        },
        "SoccerTwos.Policy.Beta.sum": {
            "value": 0.005000000000000001,
            "min": 0.005000000000000001,
            "max": 0.005000000000000001,
            "count": 93
        }
    },
    "metadata": {
        "timer_format_version": "0.1.0",
        "start_time_seconds": "1736637185",
        "python_version": "3.10.11 (tags/v3.10.11:7d4cc5a, Apr  5 2023, 00:38:17) [MSC v.1929 64 bit (AMD64)]",
        "command_line_arguments": "C:\\Users\\kamil\\AppData\\Local\\Programs\\Python\\Python310\\Scripts\\mlagents-learn SoccerTwos.yaml --run-id=run_2_in_editor --resume",
        "mlagents_version": "1.1.0",
        "mlagents_envs_version": "1.1.0",
        "communication_protocol_version": "1.5.0",
        "pytorch_version": "2.5.1+cpu",
        "numpy_version": "1.23.5",
        "end_time_seconds": "1736661285"
    },
    "total": 24102.9209706001,
    "count": 1,
    "self": 0.10084540001116693,
    "children": {
        "run_training.setup": {
            "total": 0.1689291000366211,
            "count": 1,
            "self": 0.1689291000366211
        },
        "TrainerController.start_learning": {
            "total": 24102.65119610005,
            "count": 1,
            "self": 30.915898602921516,
            "children": {
                "TrainerController._reset_env": {
                    "total": 20.27636649995111,
                    "count": 11,
                    "self": 20.27636649995111
                },
                "TrainerController.advance": {
                    "total": 24051.353578597307,
                    "count": 991372,
                    "self": 13.786714256973937,
                    "children": {
                        "env_step": {
                            "total": 24037.566864340333,
                            "count": 991372,
                            "self": 17811.87931028637,