{
    "name": "root",
    "gauges": {
        "SoccerTwos.Policy.Entropy.mean": {
            "value": 3.2544336318969727,
            "min": 3.2544336318969727,
            "max": 3.2957184314727783,
            "count": 6
        },
        "SoccerTwos.Policy.Entropy.sum": {
            "value": 31704.69140625,
            "min": 31691.84765625,
            "max": 34065.15234375,
            "count": 6
        },
        "SoccerTwos.Step.mean": {
            "value": 59854.0,
            "min": 9130.0,
            "max": 59854.0,
            "count": 6
        },
        "SoccerTwos.Step.sum": {
            "value": 59854.0,
            "min": 9130.0,
            "max": 59854.0,
            "count": 6
        },
        "SoccerTwos.Policy.ExtrinsicBaselineEstimate.mean": {
            "value": -8.652300834655762,
            "min": -8.652300834655762,
            "max": -0.0037246719002723694,
            "count": 6
        },
        "SoccerTwos.Policy.ExtrinsicBaselineEstimate.sum": {
            "value": -95.17530822753906,
            "min": -99.20877838134766,
            "max": -0.037246719002723694,
            "count": 6
        },
        "SoccerTwos.Policy.ExtrinsicValueEstimate.mean": {
            "value": -8.652300834655762,
            "min": -8.652300834655762,
            "max": -0.0037246719002723694,
            "count": 6
        },
        "SoccerTwos.Policy.ExtrinsicValueEstimate.sum": {
            "value": -95.17530822753906,
            "min": -99.20877838134766,
            "max": -0.037246719002723694,
            "count": 6
        },
        "SoccerTwos.Environment.EpisodeLength.mean": {
            "value": 1789.3333333333333,
            "min": 1136.8,
            "max": 1845.2,
            "count": 6
        },
        "SoccerTwos.Environment.EpisodeLength.sum": {
            "value": 10736.0,
            "min": 9226.0,
            "max": 11368.0,
            "count": 6
        },
        "SoccerTwos.Environment.CumulativeReward.mean": {
            "value": -420.3400177001953,
            "min": -579.2000071207682,
            "max": -371.0888926188151,
            "count": 6
        },
        "SoccerTwos.Environment.CumulativeReward.sum": {
            "value": -2101.7000885009766,
            "min": -3475.2000427246094,
            "max": -2101.7000885009766,
            "count": 6
        },
        "SoccerTwos.Policy.ExtrinsicReward.mean": {
            "value": -420.3400177001953,
            "min": -579.2000071207682,
            "max": -371.0888926188151,
            "count": 6
        },
        "SoccerTwos.Policy.ExtrinsicReward.sum": {
            "value": -2101.7000885009766,
            "min": -3475.2000427246094,
            "max": -2101.7000885009766,
            "count": 6
        },
        "SoccerTwos.Environment.GroupCumulativeReward.mean": {
            "value": 0.0,
            "min": 0.0,
            "max": 0.0,
            "count": 6
        },
        "SoccerTwos.Environment.GroupCumulativeReward.sum": {
            "value": 0.0,
            "min": 0.0,
            "max": 0.0,
            "count": 6
        },
        "SoccerTwos.IsTraining.mean": {
            "value": 1.0,
            "min": 1.0,
            "max": 1.0,
            "count": 6
        },
        "SoccerTwos.IsTraining.sum": {
            "value": 1.0,
            "min": 1.0,
            "max": 1.0,
            "count": 6
        },
        "SoccerTwos.Losses.PolicyLoss.mean": {
            "value": 0.01722274176621189,
            "min": 0.016939725796692073,
            "max": 0.01722274176621189,
            "count": 2
        },
        "SoccerTwos.Losses.PolicyLoss.sum": {
            "value": 0.01722274176621189,
            "min": 0.016939725796692073,
            "max": 0.01722274176621189,
            "count": 2
        },
        "SoccerTwos.Losses.ValueLoss.mean": {
            "value": 19.03378054300944,
            "min": 19.03378054300944,
            "max": 21.717041079203288,
            "count": 2
        },
        "SoccerTwos.Losses.ValueLoss.sum": {
            "value": 19.03378054300944,
            "min": 19.03378054300944,
            "max": 21.717041079203288,
            "count": 2
        },
        "SoccerTwos.Losses.BaselineLoss.mean": {
            "value": 42.22215143839518,
            "min": 42.22215143839518,
            "max": 47.70951436360677,
            "count": 2
        },
        "SoccerTwos.Losses.BaselineLoss.sum": {
            "value": 42.22215143839518,
            "min": 42.22215143839518,
            "max": 47.70951436360677,
            "count": 2
        },
        "SoccerTwos.Policy.LearningRate.mean": {
            "value": 0.0003,
            "min": 0.0003,
            "max": 0.0003,
            "count": 2
        },
        "SoccerTwos.Policy.LearningRate.sum": {
            "value": 0.0003,
            "min": 0.0003,
            "max": 0.0003,
            "count": 2
        },
        "SoccerTwos.Policy.Epsilon.mean": {
            "value": 0.20000000000000007,
            "min": 0.20000000000000007,
            "max": 0.20000000000000007,
            "count": 2
        },
        "SoccerTwos.Policy.Epsilon.sum": {
            "value": 0.20000000000000007,
            "min": 0.20000000000000007,
            "max": 0.20000000000000007,
            "count": 2
        },
        "SoccerTwos.Policy.Beta.mean": {
            "value": 0.005000000000000001,
            "min": 0.005000000000000001,
            "max": 0.005000000000000001,
            "count": 2
        },
        "SoccerTwos.Policy.Beta.sum": {
            "value": 0.005000000000000001,
            "min": 0.005000000000000001,
            "max": 0.005000000000000001,
            "count": 2
        }
    },
    "metadata": {
        "timer_format_version": "0.1.0",
        "start_time_seconds": "1733074935",
        "python_version": "3.10.12 (main, Jul  5 2023, 18:54:27) [GCC 11.2.0]",
        "command_line_arguments": "/home/kakto/.conda/envs/mlagents/bin/mlagents-learn config/poca/SoccerTwos.yaml --run-id=audio_testing_2 --force",
        "mlagents_version": "1.1.0",
        "mlagents_envs_version": "1.1.0",
        "communication_protocol_version": "1.5.0",
        "pytorch_version": "2.5.1+cu124",
        "numpy_version": "1.23.5",
        "end_time_seconds": "1733075287"
    },
    "total": 352.19086342100036,
    "count": 1,
    "self": 0.0045519660006902996,
    "children": {
        "run_training.setup": {
            "total": 0.017716659999678086,
            "count": 1,
            "self": 0.017716659999678086
        },
        "TrainerController.start_learning": {
            "total": 352.168594795,
            "count": 1,
            "self": 0.5940326449608619,
            "children": {
                "TrainerController._reset_env": {
                    "total": 4.671265128000414,
                    "count": 1,
                    "self": 4.671265128000414
                },
                "TrainerController.advance": {
                    "total": 346.8115093310389,
                    "count": 62360,
                    "self": 0.6194864711715127,
                    "children": {
                        "env_step": {
                            "total": 320.7090388620545,
                            "count": 62360,
                            "self": 270.01482929406666,
                            "children": {
                                "SubprocessEnvManager._take_step": {
                                    "total": 50.325380781987405,
                                    "count": 62360,
                                    "self": 1.6792101660330445,
                                    "children": {
                                        "TorchPolicy.evaluate": {
                                            "total": 48.64617061595436,
                                            "count": 62321,