{
    "name": "root",
    "metadata": {
        "timer_format_version": "0.1.0",
        "start_time_seconds": "1733074735",
        "python_version": "3.10.12 (main, Jul  5 2023, 18:54:27) [GCC 11.2.0]",
        "command_line_arguments": "/home/kakto/.conda/envs/mlagents/bin/mlagents-learn --resume",
        "mlagents_version": "1.1.0",
        "mlagents_envs_version": "1.1.0",
        "communication_protocol_version": "1.5.0",
        "pytorch_version": "2.5.1+cu124",
        "numpy_version": "1.23.5",
        "end_time_seconds": "1733074911"
    },
    "total": 176.27181751399985,
    "count": 1,
    "self": 0.003303831999801332,
    "children": {
        "run_training.setup": {
            "total": 0.018094516000019212,
            "count": 1,
            "self": 0.018094516000019212
        },
        "TrainerController.start_learning": {
            "total": 176.25041916600003,
            "count": 1,
            "self": 0.33719614398250997,
            "children": {
                "TrainerController._reset_env": {
                    "total": 18.997134371000357,
                    "count": 1,
                    "self": 18.997134371000357
                },
                "TrainerController.advance": {
                    "total": 156.86298049001653,
                    "count": 38072,
                    "self": 0.3537996361219484,
                    "children": {
                        "env_step": {
                            "total": 148.97270588902757,
                            "count": 38072,
                            "self": 119.3980870778978,
                            "children": {
                                "SubprocessEnvManager._take_step": {
                                    "total": 29.35330216505281,
                                    "count": 38072,
                                    "self": 1.0140901900667814,
                                    "children": {
                                        "TorchPolicy.evaluate": {
                                            "total": 28.33921197498603,
                                            "count": 38051,
                                            "self": 28.33921197498603
                                        }
                                    }
                                },
                                "workers": {
                                    "total": 0.2213166460769571,
                                    "count": 38071,
                                    "self": 0.0,
                                    "children": {
                                        "worker_root": {
                                            "total": 171.40876857007424,
                                            "count": 38071,
                                            "is_parallel": true,
                                            "self": 71.72956817701197,
                                            "children": {
                                                "run_training.setup": {
                                                    "total": 0.0,
                                                    "count": 0,
                                                    "is_parallel": true,
                                                    "self": 0.0,
                                                    "children": {
                                                        "steps_from_proto": {
                                                            "total": 0.0007632269998794072,
                                                            "count": 1,
                                                            "is_parallel": true,
                                                            "self": 0.00032085300063044997,
                                                            "children": {
                                                                "_process_rank_one_or_two_observation": {
                                                                    "total": 0.00044237399924895726,
                                                                    "count": 4,
                                                                    "is_parallel": true,
                                                                    "self": 0.00044237399924895726
                                                                }
                                                            }
                                                        },
                                                        "UnityEnvironment.step": {
                                                            "total": 0.018533010000282957,
                                                            "count": 1,
                                                            "is_parallel": true,
                                                            "self": 0.00010837199988600332,
                                                            "children": {
                                                                "UnityEnvironment._generate_step_input": {
                                                                    "total": 0.00010698099958972307,
                                                                    "count": 1,
                                                                    "is_parallel": true,
                                                                    "self": 0.00010698099958972307
                                                                },
                                                                "communicator.exchange": {
                                                                    "total": 0.01803400500011776,
                                                                    "count": 1,
                                                                    "is_parallel": true,
                                                                    "self": 0.01803400500011776
                                                                },
                                                                "steps_from_proto": {
                                                                    "total": 0.0002836520006894716,
                                                                    "count": 1,
                                                                    "is_parallel": true,
                                                                    "self": 0.00015294099921447923,
                                                                    "children": {
                                                                        "_process_rank_one_or_two_observation": {
                                                                            "total": 0.00013071100147499237,
                                                                            "count": 4,
                                                                            "is_parallel": true,
                                                                            "self": 0.00013071100147499237
                                                                        }
                                                                    }
                                                                }
                                                            }
                                                        }
                                                    }
                                                },
                                                "UnityEnvironment.step": {
                                                    "total": 99.67920039306227,
                                                    "count": 38070,
                                                    "is_parallel": true,
                                                    "self": 1.752788385162603,