{
    "name": "root",
    "metadata": {
        "timer_format_version": "0.1.0",
        "start_time_seconds": "1737332458",
        "python_version": "3.10.12 | packaged by Anaconda, Inc. | (main, Jul  5 2023, 19:01:18) [MSC v.1916 64 bit (AMD64)]",
        "command_line_arguments": "C:\\Users\\geveg\\anaconda3\\envs\\mlagents\\Scripts\\mlagents-learn --resume",
        "mlagents_version": "1.1.0",
        "mlagents_envs_version": "1.1.0",
        "communication_protocol_version": "1.5.0",
        "pytorch_version": "2.5.1+cpu",
        "numpy_version": "1.23.5",
        "end_time_seconds": "1737332495"
    },
    "total": 36.58757650000189,
    "count": 1,
    "self": 0.012649900003452785,
    "children": {
        "run_training.setup": {
            "total": 0.04089229999954114,
            "count": 1,
            "self": 0.04089229999954114
        },
        "TrainerController.start_learning": {
            "total": 36.53403429999889,
            "count": 1,
            "self": 0.0038005000023986213,
            "children": {
                "TrainerController._reset_env": {
                    "total": 11.627727999999479,
                    "count": 1,
                    "self": 11.627727999999479
                },
                "TrainerController.advance": {
                    "total": 24.67267059999722,
                    "count": 154,
                    "self": 0.003339999952004291,
                    "children": {
                        "env_step": {
                            "total": 24.624808700020367,
                            "count": 154,
                            "self": 24.12719619987911,
                            "children": {
                                "SubprocessEnvManager._take_step": {
                                    "total": 0.4953265001095133,
                                    "count": 154,
                                    "self": 0.014071300138311926,
                                    "children": {
                                        "TorchPolicy.evaluate": {
                                            "total": 0.48125519997120136,
                                            "count": 308,
                                            "self": 0.48125519997120136
                                        }
                                    }
                                },
                                "workers": {
                                    "total": 0.0022860000317450613,
                                    "count": 153,
                                    "self": 0.0,
                                    "children": {
                                        "worker_root": {
                                            "total": 4.498826300048677,
                                            "count": 153,
                                            "is_parallel": true,
                                            "self": 2.537656600092305,
                                            "children": {
                                                "steps_from_proto": {
                                                    "total": 0.0007154000049922615,
                                                    "count": 2,
                                                    "is_parallel": true,
                                                    "self": 0.00030420000257436186,
                                                    "children": {
                                                        "_process_rank_one_or_two_observation": {
                                                            "total": 0.00041120000241789967,
                                                            "count": 8,
                                                            "is_parallel": true,
                                                            "self": 0.00041120000241789967
                                                        }
                                                    }
                                                },
                                                "UnityEnvironment.step": {
                                                    "total": 1.9604542999513797,
                                                    "count": 153,
                                                    "is_parallel": true,
                                                    "self": 0.023799899907317013,
                                                    "children": {
                                                        "UnityEnvironment._generate_step_input": {
                                                            "total": 0.01965690004726639,
                                                            "count": 153,
                                                            "is_parallel": true,
                                                            "self": 0.01965690004726639
                                                        },
                                                        "communicator.exchange": {
                                                            "total": 1.8134141000264208,
                                                            "count": 153,
                                                            "is_parallel": true,
                                                            "self": 1.8134141000264208
                                                        },
                                                        "steps_from_proto": {
                                                            "total": 0.10358339997037547,
                                                            "count": 306,
                                                            "is_parallel": true,
                                                            "self": 0.048333500053558964,
                                                            "children": {
                                                                "_process_rank_one_or_two_observation": {
                                                                    "total": 0.0552498999168165,
                                                                    "count": 1224,
                                                                    "is_parallel": true,
                                                                    "self": 0.0552498999168165
                                                                }
                                                            }
                                                        }
                                                    }
                                                }
                                            }
                                        }
                                    }
                                }
                            }
                        },
                        "trainer_advance": {
                            "total": 0.04452190002484713,
                            "count": 153,
                            "self": 0.0032990000618156046,
                            "children": {
                                "process_trajectory": {
                                    "total": 0.04122289996303152,
                                    "count": 153,
                                    "self": 0.04122289996303152
                                }
                            }
                        }
                    }
                },
                "trainer_threads": {
                    "total": 1.0000003385357559e-06,
                    "count": 1,
                    "self": 1.0000003385357559e-06
                },
                "TrainerController._save_models": {
                    "total": 0.2298341999994591,
                    "count": 1,
                    "self": 0.012753900002280716,