{
    "name": "root",
    "gauges": {
        "SoccerTwos.Policy.Entropy.mean": {
            "value": 2.260544776916504,
            "min": 2.260544776916504,
            "max": 2.420032501220703,
            "count": 5
        },
        "SoccerTwos.Policy.Entropy.sum": {
            "value": 22725.2578125,
            "min": 14837.2197265625,
            "max": 24070.345703125,
            "count": 5
        },
        "SoccerTwos.Step.mean": {
            "value": 359506.0,
            "min": 319610.0,
            "max": 359506.0,
            "count": 5
        },
        "SoccerTwos.Step.sum": {
            "value": 359506.0,
            "min": 319610.0,
            "max": 359506.0,
            "count": 5
        },
        "SoccerTwos.Policy.ExtrinsicBaselineEstimate.mean": {
            "value": -7.909214973449707,
            "min": -11.547048568725586,
            "max": -7.909214973449707,
            "count": 5
        },
        "SoccerTwos.Policy.ExtrinsicBaselineEstimate.sum": {
            "value": -87.0013656616211,
            "min": -127.01753234863281,
            "max": -68.63221740722656,
            "count": 5
        },
        "SoccerTwos.Policy.ExtrinsicValueEstimate.mean": {
            "value": -7.909214973449707,
            "min": -11.547048568725586,
            "max": -7.909214973449707,
            "count": 5
        },
        "SoccerTwos.Policy.ExtrinsicValueEstimate.sum": {
            "value": -87.0013656616211,
            "min": -127.01753234863281,
            "max": -68.63221740722656,
            "count": 5
        },
        "SoccerTwos.Environment.EpisodeLength.mean": {
            "value": 1004.3,
            "min": 999.6,
            "max": 1225.0,
            "count": 5
        },
        "SoccerTwos.Environment.EpisodeLength.sum": {
            "value": 10043.0,
            "min": 6125.0,
            "max": 10735.0,
            "count": 5
        },
        "SoccerTwos.Environment.CumulativeReward.mean": {
            "value": 64.29999582767486,
            "min": 5.799997591972351,
            "max": 64.29999582767486,
            "count": 5
        },
        "SoccerTwos.Environment.CumulativeReward.sum": {
            "value": 642.9999582767487,
            "min": 40.099979400634766,
            "max": 642.9999582767487,
            "count": 5
        },
        "SoccerTwos.Policy.ExtrinsicReward.mean": {
            "value": 64.29999582767486,
            "min": 5.799997591972351,
            "max": 64.29999582767486,
            "count": 5
        },
        "SoccerTwos.Policy.ExtrinsicReward.sum": {
            "value": 642.9999582767487,
            "min": 40.099979400634766,
            "max": 642.9999582767487,
            "count": 5
        },
        "SoccerTwos.Environment.GroupCumulativeReward.mean": {
            "value": 0.0,
            "min": 0.0,
            "max": 0.0,
            "count": 5
        },
        "SoccerTwos.Environment.GroupCumulativeReward.sum": {
            "value": 0.0,
            "min": 0.0,
            "max": 0.0,
            "count": 5
        },
        "SoccerTwos.IsTraining.mean": {
            "value": 1.0,
            "min": 1.0,
            "max": 1.0,
            "count": 5
        },
        "SoccerTwos.IsTraining.sum": {
            "value": 1.0,
            "min": 1.0,
            "max": 1.0,
            "count": 5
        },
        "SoccerTwos.Losses.PolicyLoss.mean": {
            "value": 0.016502689143332343,
            "min": 0.01628191052004695,
            "max": 0.016502689143332343,
            "count": 2
        },
        "SoccerTwos.Losses.PolicyLoss.sum": {
            "value": 0.016502689143332343,
            "min": 0.01628191052004695,
            "max": 0.016502689143332343,
            "count": 2
        },
        "SoccerTwos.Losses.ValueLoss.mean": {
            "value": 6.288385963439941,
            "min": 6.288385963439941,
            "max": 7.585806385676066,
            "count": 2
        },
        "SoccerTwos.Losses.ValueLoss.sum": {
            "value": 6.288385963439941,
            "min": 6.288385963439941,
            "max": 7.585806385676066,
            "count": 2
        },
        "SoccerTwos.Losses.BaselineLoss.mean": {
            "value": 11.435808245340983,
            "min": 11.435808245340983,
            "max": 13.144095706939698,
            "count": 2
        },
        "SoccerTwos.Losses.BaselineLoss.sum": {
            "value": 11.435808245340983,
            "min": 11.435808245340983,
            "max": 13.144095706939698,
            "count": 2
        },
        "SoccerTwos.Policy.LearningRate.mean": {
            "value": 0.0003,
            "min": 0.0003,
            "max": 0.0003,
            "count": 2
        },
        "SoccerTwos.Policy.LearningRate.sum": {
            "value": 0.0003,
            "min": 0.0003,
            "max": 0.0003,
            "count": 2
        },
        "SoccerTwos.Policy.Epsilon.mean": {
            "value": 0.20000000000000007,
            "min": 0.20000000000000007,
            "max": 0.20000000000000007,
            "count": 2
        },
        "SoccerTwos.Policy.Epsilon.sum": {
            "value": 0.20000000000000007,
            "min": 0.20000000000000007,
            "max": 0.20000000000000007,
            "count": 2
        },
        "SoccerTwos.Policy.Beta.mean": {
            "value": 0.005000000000000001,
            "min": 0.005000000000000001,
            "max": 0.005000000000000001,
            "count": 2
        },
        "SoccerTwos.Policy.Beta.sum": {
            "value": 0.005000000000000001,
            "min": 0.005000000000000001,
            "max": 0.005000000000000001,
            "count": 2
        }
    },
    "metadata": {
        "timer_format_version": "0.1.0",
        "start_time_seconds": "1733078277",
        "python_version": "3.10.12 (main, Jul  5 2023, 18:54:27) [GCC 11.2.0]",
        "command_line_arguments": "/home/kakto/.conda/envs/mlagents/bin/mlagents-learn config/poca/SoccerTwos.yaml --run-id=audio_testing_4 --resume",
        "mlagents_version": "1.1.0",
        "mlagents_envs_version": "1.1.0",
        "communication_protocol_version": "1.5.0",
        "pytorch_version": "2.5.1+cu124",
        "numpy_version": "1.23.5",
        "end_time_seconds": "1733078523"
    },
    "total": 245.95648989200163,
    "count": 1,
    "self": 0.0036082560018257936,
    "children": {
        "run_training.setup": {
            "total": 0.02058863599995675,
            "count": 1,
            "self": 0.02058863599995675
        },
        "TrainerController.start_learning": {
            "total": 245.93229299999985,
            "count": 1,
            "self": 0.4379746089307446,
            "children": {
                "TrainerController._reset_env": {
                    "total": 5.341100971998458,
                    "count": 2,
                    "self": 5.341100971998458
                },
                "TrainerController.advance": {
                    "total": 240.05067548406987,
                    "count": 47754,
                    "self": 0.436442191246897,
                    "children": {
                        "env_step": {
                            "total": 213.4064335528492,
                            "count": 47754,
                            "self": 174.76671829894804,
                            "children": {
                                "SubprocessEnvManager._take_step": {
                                    "total": 38.36512509390741,
                                    "count": 47754,
                                    "self": 1.255566452829953,
                                    "children": {
                                        "TorchPolicy.evaluate": {
                                            "total": 37.109558641077456,
                                            "count": 47727,